<?xml version="1.0" encoding="UTF-8" standalone="yes"?>
<addon id="plugin.video.jesusismydad" name="Jesusismydad" version="0.0.4" provider-name="Jesusismydad">
	<requires>
		<import addon="xbmc.python" version="2.19.0" />
        <import addon="script.module.python.koding.aio" version="0.0.4"/>
	</requires>
	<extension point="xbmc.python.pluginsource" library="default.py">
		<provides>video</provides>
	</extension>
	<extension point="xbmc.addon.metadata">
		<summary lang="en">This addon will find you movies</summary>
		<description lang="en">Enter and you will see</description>
		<platform>all</platform>
		<forum>http://www.noobsandnerds.com/support</forum>
		<website>www.noobsandnerds.com</website>
		<news></news>
		<genre>movies,tvshows,wizard,uk,usa</genre>
		<video_guide></video_guide>
		<video_preview></video_preview>
	</extension>
</addon>
